1,Donica,Kear,dkear0,Em08gQLMP,dkear0@cdbaby.com,NULL,NULL,2,NULL
2,Carlynne,Van T'Hoog,cvanthoog1,wvAgTdsNmPd,cvanthoog1@de.vu,NULL,NULL,2,NULL
3,Ame,Dahill,adahill2,doD7Wg9SmZj,adahill2@statcounter.com,NULL,NULL,2,NULL
4,Ingram,Elsey,ielsey3,NvI2E4L,ielsey3@berkeley.edu,NULL,NULL,2,NULL
5,Mel,Birkbeck,mbirkbeck4,sRi8F0eO6fR9,mbirkbeck4@boston.com,NULL,NULL,2,NULL
6,Iosep,Oliff,ioliff5,vAhMjKj1,ioliff5@pagesperso-orange.fr,NULL,NULL,2,NULL
7,Ashton,Deroche,aderoche6,wFXv988h,aderoche6@ebay.co.uk,NULL,NULL,2,NULL
8,Catha,Waything,cwaything7,IKiik3y2h5Ea,cwaything7@stanford.edu,NULL,NULL,2,NULL
9,Corinna,Makin,cmakin8,kiowr973,cmakin8@so-net.ne.jp,NULL,NULL,2,NULL
10,Thayne,Burdell,tburdell9,zeIHo44iZ,tburdell9@nationalgeographic.com,NULL,NULL,2,NULL
11,Ingram,Rowell,irowella,2gQM5MK4y61,irowella@dropbox.com,NULL,NULL,2,NULL
12,Wallas,Goodier,wgoodierb,gaYreVjo,wgoodierb@eepurl.com,NULL,NULL,2,NULL
13,Gertrudis,Brunesco,gbrunescoc,ENLz4taSY,gbrunescoc@bing.com,NULL,NULL,2,NULL
14,Daisie,Acres,dacresd,DbiIV1,dacresd@patch.com,NULL,NULL,2,NULL
15,Roxanna,Djokic,rdjokice,vLSHLjl,rdjokice@php.net,NULL,NULL,2,NULL
16,Saloma,Stafford,sstaffordf,lCyfG4hzVQBt,sstaffordf@house.gov,NULL,NULL,2,NULL
17,Noelani,Roset,nrosetg,Qj3LqqM,nrosetg@techcrunch.com,NULL,NULL,2,NULL
18,Pam,Bastiman,pbastimanh,YMz4XwZxv9qO,pbastimanh@4shared.com,NULL,NULL,2,NULL
19,Consalve,O'Fearguise,cofearguisei,TNSS1kOc,cofearguisei@wordpress.org,NULL,NULL,2,NULL
20,Jerrie,Laidler,jlaidlerj,o16BXwnn3QNi,jlaidlerj@gnu.org,NULL,NULL,2,NULL
21,Elias,Camilleri,ecamillerik,qeASptgysk5,ecamillerik@cbsnews.com,NULL,NULL,2,NULL
22,Leese,Richie,lrichiel,8uYhIB,lrichiel@bloomberg.com,NULL,NULL,2,NULL
23,Ara,Fenna,afennam,3a587cu,afennam@nsw.gov.au,NULL,NULL,2,NULL
24,Belva,Creek,bcreekn,JpHZya2,bcreekn@nifty.com,NULL,NULL,2,NULL
25,Glyn,Reisen,greiseno,MGxSgK31A,greiseno@princeton.edu,NULL,NULL,2,NULL
26,Timmy,Kesterton,tkestertonp,uAAL5k8Sc,tkestertonp@jigsy.com,NULL,NULL,2,NULL
27,Lethia,Morshead,lmorsheadq,GDsXdV4mzU,lmorsheadq@timesonline.co.uk,NULL,NULL,2,NULL
28,Saloma,Jacob,sjacobr,EXatFPuwkWA,sjacobr@amazon.com,NULL,NULL,2,NULL
29,Barnabe,Bowdler,bbowdlers,Wn2fXXTg5tKR,bbowdlers@merriam-webster.com,NULL,NULL,2,NULL
30,Torry,Keith,tkeitht,cmRFgybjVu,tkeitht@blog.com,NULL,NULL,2,NULL
